,ISIC 01T03,ISIC 05,ISIC 06,ISIC 07T08,ISIC 09,ISIC 10T12,ISIC 13T15,ISIC 16,ISIC 17T18,ISIC 19,ISIC 20,ISIC 21,ISIC 22,ISIC 231,ISIC 239,ISIC 241,ISIC 242,ISIC 25,ISIC 26,ISIC 27,ISIC 28,ISIC 29,ISIC 30,ISIC 31T33,ISIC 351,ISIC 352T353,ISIC 36T39,ISIC 41T43,ISIC 45T47,ISIC 49T53,ISIC 55T56,ISIC 58T60,ISIC 61,ISIC 62T63,ISIC 64T66,ISIC 68,ISIC 69T82,ISIC 84,ISIC 85,ISIC 86T88,ISIC 90T96,ISIC 97T98
ISIC 01T03,1.0645958872227617,0,7.003942170401266e-5,4.3204284585624225e-4,1.6113158005042624e-4,0.05710396014272564,0.008585666290252291,0.034932409821989086,0.004855186247542489,1.0993979924320609e-4,0.0044790523705672105,0.004479052370567209,9.036074441875911e-4,1.7296605334302242e-4,1.7296605334302242e-4,8.964597747790898e-5,8.922426126582546e-5,7.708755118471098e-5,4.516608450606729e-5,1.5078221437761025e-4,9.534331987095292e-5,1.5757063772165264e-4,4.9254530470282236e-5,8.974384829136893e-4,5.303833294327833e-5,5.325002088936462e-5,1.0512808732785685e-4,5.932452700861267e-4,3.240850165014365e-4,1.169418658730841e-4,0.0016362874180872815,7.557180345511749e-5,6.905532958467652e-5,9.658193428044496e-5,5.629475640681342e-5,8.123750598072543e-5,3.402460056678454e-4,9.508164085010156e-4,3.777298474968938e-4,2.97711267308601e-4,2.752095537594949e-4,0
ISIC 05,0,1,0,0,0,0,0,0,0,0,0,0,0,0,0,0,0,0,0,0,0,0,0,0,0,0,0,0,0,0,0,0,0,0,0,0,0,0,0,0,0,0
ISIC 06,3.080881299815528e-7,0,1.0000171041072188,1.2036083710234935e-6,2.0142006511051795e-6,1.2208507767361747e-7,1.4640345190888638e-7,2.0850961230912732e-7,2.0756912853239352e-7,8.33321369332856e-5,1.6579712059947416e-6,1.657971205994741e-6,1.967805471803544e-7,1.9671929696813964e-7,1.967192969681397e-7,1.9644976283146425e-6,2.7363559992402573e-7,1.904006925664102e-7,3.2485763309492284e-8,1.6472767468489628e-7,1.1959646700476496e-7,8.870324319491534e-8,5.082333233256504e-8,1.4832803061791594e-7,8.799622519184167e-6,8.62648542037207e-6,1.7079053946223897e-6,4.154204427309195e-7,9.435680436458489e-8,7.668238608156724e-7,1.273869371969981e-7,5.2995142872401946e-8,4.4108499453893216e-8,7.083962560792833e-8,6.35182869538892e-8,5.473882585429496e-8,8.633926298124137e-8,1.1408491943063192e-6,2.0910693633445713e-7,7.3216506269234e-8,1.0274510480233304e-7,0
ISIC 07T08,5.802409652660988e-4,0,0.027251373177692755,1.0167567650468892,0.011651204184540492,3.5363253702628666e-4,3.329662417547529e-4,1.9039472008509057e-4,0.0015212710305762343,0.0012789349638608137,0.0011443369888807667,0.0011443369888807663,3.771910073947864e-4,0.014093978011769292,0.014093978011769294,0.0059594595766793565,0.006056723321927022,6.205114111239296e-4,5.815202918349246e-5,3.470856596621618e-4,2.6591845618775903e-4,2.4682438343080884e-4,1.1907783217776146e-4,2.1830078814318344e-4,0.002197096284566663,0.002156920256653692,5.207033689042428e-4,0.002140932175559437,8.76825051423535e-5,1.2889942323936234e-4,2.5290188596250706e-4,1.0318475515440298e-4,1.4473036107306883e-4,1.5703998736256824e-4,5.288827835186149e-5,2.8801353123609634e-4,1.8558431957913803e-4,5.545188256255119e-4,3.104705268541781e-4,1.0374492796264707e-4,4.692851976456068e-4,0
ISIC 09,4.02491326901525e-6,0,0.027740025175946176,0.004525967149631739,1.0114125405937786,3.0292868481751475e-6,2.810593490475189e-6,2.5771570304172415e-6,9.237477639183969e-6,5.939880642390508e-5,7.444962739037558e-6,7.444962739037555e-6,3.4799606678609136e-6,6.52402609336736e-5,6.524026093367361e-5,2.9552951390027355e-5,2.893273893931968e-5,5.31922116494098e-6,1.164603066730051e-6,3.0883238252053763e-6,3.0415622292242193e-6,2.407773284039572e-6,1.6110429163042421e-6,2.560406583339624e-6,1.841151324653327e-5,1.8167606593946985e-5,5.237121255814914e-6,1.1114276715250529e-5,2.40948635347528e-6,3.446648121476757e-6,3.5525902546559954e-6,1.7331931085263395e-6,2.216242293615452e-6,1.9474551948355792e-6,1.5525014727900456e-6,9.14417477292968e-6,5.150408165766896e-6,8.93247039375943e-6,3.878537325726568e-6,1.956373944630537e-6,4.463136177649851e-6,0
ISIC 10T12,0.02032037317582736,0,1.6652897649921907e-4,2.0629428903330276e-4,2.9104579087591367e-4,1.0582940482233012,7.500909646937529e-4,9.61681163669386e-4,9.457980407499168e-4,3.7255803106332844e-4,0.0018594131167726808,0.00185941311677268,5.55419892108496e-4,0.0010625142033604375,0.0010625142033604377,1.969758863956066e-4,1.9332719775454505e-4,1.9212637391505095e-4,8.545804468414216e-5,1.516862477416064e-4,2.0171334283024923e-4,1.9725560624982608e-4,1.071232911645046e-4,2.431800997988786e-4,2.4736841853689273e-4,2.461508581985249e-4,4.2599297582083894e-4,2.590219520871032e-4,9.276166672288118e-4,4.094578892954749e-4,0.02036265666874848,2.0962064401515966e-4,1.9734199892539704e-4,4.977016369631091e-4,2.954320215821123e-4,2.563762283867598e-4,8.428324820034733e-4,0.005639830482110205,0.004870084794694199,0.003784389577770243,0.002306882862627052,0
ISIC 13T15,4.640050260903281e-4,0,2.383857234948824e-4,2.789914600616295e-4,2.4416920682852054e-4,3.9255424804878733e-4,1.0405811667302973,0.0015844313901034462,0.005877359933733467,5.362582250778016e-4,0.0013088420471406195,0.0013088420471406193,0.003368606393860813,8.57094627854589e-4,8.570946278545893e-4,1.682456473596944e-4,1.605981538481592e-4,2.749678707481898e-4,1.563809468189889e-4,3.210805929933087e-4,8.094019062915036e-4,0.001815407014961282,9.596801894280346e-4,0.005129989399279499,9.588880378021367e-5,9.633589769600274e-5,4.104603939772304e-4,6.153785350541622e-4,4.3889343162718336e-4,1.9874369232261276e-4,2.847771716146164e-4,1.9534072839313125e-4,1.394974167906576e-4,1.4931080138883443e-4,7.686688605255303e-5,8.66142871482256e-5,2.433353411688794e-4,3.8983199399252613e-4,1.6668378931286267e-4,4.098986476530304e-4,6.877982882838535e-4,0
ISIC 16,8.230159764803128e-4,0,1.622852181275616e-4,0.0012057109595889396,0.0013399543438216836,4.5848512450663223e-4,4.2534886241406825e-4,1.0860060166423673,0.008704631020912906,2.105320759861039e-4,3.0925788559872414e-4,3.0925788559872403e-4,0.0034460903946877675,9.8552298707213e-4,9.8552298707213e-4,0.0011345072981933367,0.0011537079857363078,4.264807364171377e-4,4.8141386572680473e-4,0.0027225379939503584,9.492730391262834e-4,0.0022479734611364536,3.561198614090734e-4,0.013248797920319749,2.0955684720103942e-4,2.123780290808188e-4,2.774370636051001e-4,0.009963203040236741,0.001118960535091631,0.001072391014796482,7.707983244551155e-4,3.9783684808650195e-4,5.419677674065005e-4,4.939661923241217e-4,1.4312555695833668e-4,9.448552261368294e-4,4.644199132880959e-4,6.129491861640165e-4,2.4300748543918402e-4,4.5586909147475455e-4,4.2072934095224577e-4,0
ISIC 17T18,8.535403410892116e-4,0,9.9328731675516e-4,0.0015569495536365426,0.0012710356965287093,0.011484558625008181,0.0038677734583733225,0.006015214023584121,1.0814536142096116,6.251209067535679e-4,0.004235500480741638,0.004235500480741637,0.00832940644148458,0.00588424629946926,0.005884246299469262,0.003074923956129244,0.0031258321425852807,0.003226376957682656,0.0011738847742981738,0.004527174411526962,0.0030323481887842693,0.00426680989334478,0.0011745635475630823,0.007325988006146887,5.886288748998542e-4,6.035591428989836e-4,0.0020613028123899818,0.0017087778144173453,0.004630947481831323,0.002502947692735706,0.004753298095127066,0.004608047503686192,0.0013561984503207075,0.003975649056334602,0.0027616072992524,4.943714558086427e-4,0.004217954804056817,0.004255095983422389,0.002337776311814779,0.003578654689526995,0.0025538333256261416,0
ISIC 19,0.002269323692760214,0,0.0025464575908719566,0.0042508380718673565,0.003214214446586175,7.904723384621645e-4,5.190153989652752e-4,0.001332058034288893,0.0011615466108590767,1.0047407800101709,0.0014826950057281953,0.001482695005728195,8.199329287687986e-4,0.0010149108507529795,0.0010149108507529797,0.0016478443105196886,0.0015835714917988178,9.78633202319573e-4,1.4994677183604292e-4,0.001053546400766903,6.590947042762628e-4,4.4063431390036845e-4,2.1136969897687198e-4,9.724925693261605e-4,0.003455993763892894,0.003402148670254337,0.002135102662071006,0.0034404637724622157,5.149699709806331e-4,0.006229932364981941,6.843271250596185e-4,2.1576139542498203e-4,2.036991667283738e-4,4.4943646811035717e-4,4.555937490173278e-4,3.0671734425670195e-4,5.725740511235846e-4,0.003684917850755426,5.503438432861178e-4,3.846257118833104e-4,5.827282752930111e-4,0
ISIC 20,0.007352889952336104,0,0.0035051759335799765,0.003280499630453608,0.0028991071348679373,0.00255891879479412,0.027981535792969636,0.005624907089922874,0.007528530973589612,0.010629193354895247,1.0258917665073746,0.02589176650737482,0.0336778695754565,0.004168787453005292,0.004168787453005293,0.0013736154020809784,0.001181279659703518,0.0029196006498615253,0.0014124992793845092,0.0031921544116638293,0.0019619639076747615,0.0037493360781176398,0.0011204795181864412,0.00592817838744217,9.897789871124534e-4,9.833373049330468e-4,0.0026570411049992022,0.0021630295362135427,9.817452735392351e-4,0.0012641307659723262,0.001170143345010648,8.166466762132924e-4,7.871088938601218e-4,0.0010435604024544595,4.8023199738624956e-4,5.703981331463863e-4,0.0018180887647258764,0.001971399205933049,8.039642245623336e-4,0.004356042160537216,0.0016442549807305163,0
ISIC 21,0.0024509633174453664,0,0.0011683919778599928,0.0010934998768178691,9.663690449559796e-4,8.529729315980396e-4,0.009327178597656544,0.0018749690299742913,0.00250951032452987,0.0035430644516317505,0.008630588835791611,1.0086305888357912,0.011225956525152169,0.0013895958176684306,0.0013895958176684308,4.5787180069365954e-4,3.937598865678395e-4,9.732002166205083e-4,4.7083309312816966e-4,0.001064051470554609,6.539879692249205e-4,0.00124977869270588,3.734931727288138e-4,0.001976059462480723,3.299263290374845e-4,3.277791016443492e-4,8.856803683330676e-4,7.210098454045144e-4,3.2724842451307837e-4,4.2137692199077545e-4,3.900477816702159e-4,2.7221555873776403e-4,2.6236963128670735e-4,3.4785346748481986e-4,1.6007733246208315e-4,1.9013271104879545e-4,6.060295882419591e-4,6.5713306864435e-4,2.6798807485411123e-4,0.0014520140535124047,5.48084993576839e-4,0
ISIC 22,0.001754159805518619,0,7.057228134391574e-4,0.0035989747094697677,0.002555176766053109,0.008135248827201132,0.0033580935737892764,0.0039697955106219335,0.0066703623442025605,7.462040860101422e-4,0.0047622662586577665,0.004762266258657766,1.029163869037304,0.002933742926856396,0.0029337429268563964,0.0010761167091506566,0.0010829724657133392,0.002508958801117515,0.002976540507718792,0.0060674751414180285,0.007995972167425078,0.011790351205216178,0.0036322495450355056,0.011631193220377478,3.5724900262092726e-4,3.6870572897391166e-4,0.001731977552738723,0.0063102328340116365,0.002659788731398754,0.0017660062274494044,0.0029372529656318085,0.001721990442971252,0.0027413694801599496,0.001679371671918978,4.221135544720568e-4,3.6987419560511085e-4,0.001452336776561378,0.0018641794761181957,7.520587790186419e-4,0.0030875590588875846,0.0016936924589304291,0
ISIC 231,3.4527249376690755e-5,0,2.036405670693539e-4,3.3844118914017816e-4,4.7979815072862037e-4,1.8773979704846577e-4,4.050076174946818e-5,4.244217830095705e-4,1.6035260602874962e-4,1.5446918846719973e-4,1.058607273423758e-4,1.0586072734237579e-4,3.3932941013282595e-4,1.0048916880060235,0.004891688006024007,3.8807919093081586e-4,3.9293372875435367e-4,1.6397528534447544e-4,4.471027233292598e-5,6.360932317966596e-4,1.777855132193688e-4,5.520221054087583e-4,4.364202310537174e-5,1.9466652972133962e-4,4.1232243330374094e-5,4.1449249409281235e-5,8.730754609667624e-5,0.0020986979857592807,3.8144580741487275e-05,3.725298011755389e-5,9.684056074802805e-5,6.532024044367124e-5,1.1073327545554889e-4,5.437142191875045e-5,1.6220265724321613e-5,7.469410915677403e-5,8.781165993802812e-5,1.0423737053361834e-4,3.139592270116975e-5,9.444430449802724e-5,1.1482582940597519e-4,0
ISIC 239,3.107452443902168e-4,0,0.0018327651036241868,0.0030459707022616068,0.004318183356557584,0.0016896581734361926,3.645068557452136e-4,0.003819796047086134,0.0014431734542587461,0.0013902226962047976,9.527465460813827e-4,9.527465460813825e-4,0.0030539646911954352,0.04402519205421607,1.0440251920542158,0.003492712718377344,0.003536403558789184,0.001475777568100279,4.023924509963339e-4,0.005724839086169938,0.0016000696189743188,0.0049681989486788265,3.927782079483456e-4,0.0017519987674920559,3.7109018997336665e-4,3.730432446835309e-4,7.857679148700862e-4,0.01888828187183353,3.4330122667338537e-4,3.3527682105798497e-4,8.715650467322525e-4,5.878821639930411e-4,9.965994790999404e-4,4.893427972687541e-4,1.4598239151889457e-4,6.722469824109663e-4,7.903049394422535e-4,9.381363348025651e-4,2.8256330431052773e-4,8.499987404822455e-4,0.001033432464653777,0
ISIC 241,2.4323065346657972e-4,0,0.0024454279803430633,0.0011565431903184618,9.363502302422158e-4,5.975058293212421e-4,4.0953180696696995e-4,7.657731037968414e-4,0.0010858628047507037,4.2031477602136357e-4,2.79377440084324e-4,2.79377440084324e-4,0.0013243236288180429,0.0018135159445398711,0.0018135159445398714,1.0234705735362906,0.023949569948319482,0.025965319025003604,0.0016099261449361267,0.013311350945339421,0.013151903275838777,0.009393407460635808,0.0031430417559506108,0.004662191702112952,3.083330180967233e-4,3.114149271562628e-4,6.983671472003856e-4,0.0011798902133468854,1.3966661327673036e-4,6.694201807053673e-4,1.6937160414850762e-4,1.573922925269218e-4,2.2465794175856194e-4,1.861319842411285e-4,6.776615862240376e-5,1.116431752574035e-4,1.9670078144628074e-4,4.1814584125909583e-4,1.5521115156009736e-4,1.3635005721451194e-4,2.835208087819186e-4,0
ISIC 242,1.2365616362440763e-4,0,0.0019162520090427657,8.051175754270108e-4,6.593798004553186e-4,4.62621523696831e-4,3.1783806578568823e-4,5.823119103872369e-4,8.498651535216439e-4,1.864808167854388e-4,1.7935006454249567e-4,1.7935006454249564e-4,0.0010563124214974366,0.0014500866233763167,0.0014500866233763169,0.019148481426770187,1.0195425216998761,0.021211857344928763,0.0013122334604709215,0.01085612331279647,0.01073876352204413,0.00767088435179832,0.002564561288702672,0.0037822297928049795,1.37519483718868e-4,1.4182892079417695e-4,5.004972492431379e-4,8.511273929716177e-4,9.717359553649021e-5,3.408484422298796e-4,1.1585433576620146e-4,1.2161136016187476e-4,1.7704740618183171e-4,1.3736669486281186e-4,4.031748179170256e-5,8.116015844926502e-5,1.419252262590582e-4,2.197651324789293e-4,1.0871729834924362e-4,9.878800680893685e-5,2.1262263272414777e-4,0
ISIC 25,0.0013214197723131237,0,0.00759201338215285,0.004689908659892635,0.004104994749336325,0.006676522632937827,0.003982551105077277,0.01022397613294805,0.011016118922950204,0.0018015944865333205,0.004348941992889332,0.004348941992889332,0.011690410031248493,0.006293079582877253,0.006293079582877253,0.008304752614609577,0.008439891635936846,1.0381633690014644,0.0074211002229395695,0.026736782737787623,0.02247626144879179,0.014516832046486072,0.013358184376306358,0.014161694093940917,8.299752679377981e-4,0.0010917765703374483,0.007964439828858343,0.017239009404824118,8.750113376601852e-4,0.0021646576433168533,0.001716314328984488,0.0023489247456715844,0.003611280068947838,0.0020815031222815006,3.7086029180616813e-4,7.996663210597696e-4,0.0013037688465554836,0.0018697322833610335,8.514021628308509e-4,9.281410813104744e-4,0.0018825645032591824,0
ISIC 26,7.078021079513318e-5,0,2.0461317885935005e-4,2.083045185499634e-4,2.1122262820377235e-4,4.251925412333504e-4,8.528169707522422e-4,0.0011275715004217589,0.0011599226270241376,1.2329646412764068e-4,7.922161643630057e-4,7.922161643630056e-4,0.0012013425507505673,5.989317927278303e-4,5.989317927278302e-4,7.568267782782534e-4,7.699918689848507e-4,0.0015788245304532533,1.0095928678199568,0.003809914085415792,0.0019508696780583118,0.0017247324896958705,0.004250609975616011,0.0016112813493786016,1.2421823872664763e-4,1.2479920939237132e-4,5.596994937184666e-4,5.14108674661895e-4,7.184356127581511e-4,1.7992698465440986e-4,2.0087522511950785e-4,8.479655815863324e-4,0.0011043399066257191,0.001060648203911508,1.1209328916747055e-4,7.554565082154673e-5,4.5201810191128165e-4,6.304842261403618e-4,4.5359917871634376e-4,7.108007004233694e-4,3.2251360246747014e-4,0
ISIC 27,2.5153014823961744e-4,0,5.421186752780709e-4,6.08156820384951e-4,6.557746395973388e-4,3.603008711371825e-4,2.8464245811135244e-4,6.548350451229273e-4,3.9257761608348573e-4,2.0935005996037756e-4,5.235879459693362e-4,5.235879459693359e-4,8.205782931438364e-4,5.635788007220568e-4,5.635788007220568e-4,0.0018312074129230218,0.0018649104555209786,0.0019183936929530372,0.00104044924229405,1.0109507518372773,0.005139048349916646,0.0021277726407759497,9.440985600845188e-4,8.383649827320724e-4,2.9539975013061887e-4,2.971827187716418e-4,8.709512164167535e-4,0.003651135624108699,0.00058965932016286375,5.448115048996646e-4,5.33729235162147e-4,5.406815506250869e-4,7.146221706513815e-4,0.0011032048072549202,2.422142633454458e-4,2.6113428505861777e-4,7.122642342880997e-4,6.917055277240469e-4,3.817205331025109e-4,4.281298756031857e-4,0.0012289887694749706,0
ISIC 28,2.963111598699345e-4,0,0.006520929506267782,0.006411165897072328,0.008905615191047588,9.349294152671158e-4,4.187182238936957e-4,0.0012567132015203959,0.001338513170241609,2.648135088779269e-4,9.867019623901476e-4,9.867019623901476e-4,0.0019149745116300652,6.186992103076796e-4,6.186992103076797e-4,0.0011407377935917825,0.0011589399575653093,0.0033653318300158,4.196969872054098e-4,0.002838959594683386,1.016010714160406,0.008947046296134466,0.0027363565742159527,8.941342290578206e-4,4.443187707521318e-4,4.5148641698837885e-4,0.004594382803602575,0.005375485833123976,5.968604813297499e-4,0.0012135335296567973,6.194508822607705e-4,5.400299730629832e-4,6.697911689418372e-4,9.933966886300912e-4,2.711812414971141e-4,3.4099880597649975e-4,7.322571727596385e-4,7.065407893783466e-4,0.0015065374415899873,5.335064324712388e-4,0.0014446897294757256,0
ISIC 29,7.678004158317417e-4,0,0.002007798912763546,0.0030778080118130414,0.0022172399720335758,0.001686160797989929,8.115179595654017e-4,0.003454188746020253,0.0018184499779322011,3.9915998527467777e-4,9.313433597115372e-4,9.313433597115371e-4,0.0010680026152168817,0.0013993084518851815,0.0013993084518851815,0.0010410827733361356,0.0010544222640324744,0.0016998593265253972,9.23841351918528e-4,0.0017717121629506531,0.007791740851646944,1.0719741322549878,0.0033993669729815578,0.001665897248661365,6.341865513384234e-4,6.381692055881126e-4,0.003202589897586183,0.0010356968545436678,0.0019244651421630858,0.0033204152592826402,0.0012443768384605386,9.908858713941955e-4,0.0010769386185587317,0.0011039944493866378,5.52790058153827e-4,4.1936544251764784e-4,0.0023217372091763368,0.0015537296907020591,8.036002788563163e-4,0.0012163019164227633,0.0031013297879654783,0
ISIC 30,4.392685703702212e-5,0,7.335885596699422e-5,8.783529862508933e-5,7.845861484624906e-5,6.416504230712631e-5,5.393404739873516e-5,9.372926711164015e-5,6.782018601170377e-5,3.6032240131879296e-5,5.150155903751771e-5,5.150155903751771e-5,5.342389161550308e-5,7.956815918652454e-5,7.956815918652455e-5,5.449102753683925e-5,5.487461077680767e-5,1.2534168621272315e-4,3.731362168854433e-5,4.3967701136784164e-5,2.128439784125338e-4,3.8080402634092043e-4,1.037221651424186,5.4596734459523565e-5,7.317362420791458e-5,7.325903357470131e-5,2.9562748073360307e-4,4.858246022352765e-5,9.643879724533587e-5,0.001072334940222175,8.125813209481932e-5,5.6874076170939e-5,5.459680276839061e-5,8.153219917860397e-5,4.754586965215928e-5,3.4035213529138126e-5,1.9431862511294477e-4,0.002654226480957988,4.622153227083698e-5,7.3107648740355845e-05,8.505166135658288e-5,0
ISIC 31T33,1.9265875051254362e-4,0,3.1594314129893117e-4,5.354396663162308e-4,4.653593048967225e-4,2.4752762284510247e-4,4.0673183803392103e-4,0.0017444031115144095,3.2065942340239257e-4,1.7462860011594025e-4,3.2714528583991433e-4,3.271452858399143e-4,0.001093649135346217,4.272070075247386e-4,4.2720700752473857e-4,2.3523531080157833e-4,2.3649474989357293e-4,3.1217519151446204e-4,2.5515223085855924e-4,0.0010829699528743522,0.0018031249712202116,0.0010880133569221874,4.4710990943150293e-4,1.0109482834933938,2.2609117941731097e-4,2.277657806359112e-4,0.0010588120802354237,0.005439496891421196,4.5606723659558714e-4,3.9152546375013773e-4,4.7463949368810755e-4,2.8254636457997466e-4,3.334372966178276e-4,4.3716441957572234e-4,1.7564745606761322e-4,4.934404312060713e-4,5.778239310794465e-4,7.214267903110605e-4,3.8116526913505684e-4,0.004578949650610101,9.221692496604534e-4,0
ISIC 351,0.0030379891181647792,0,0.006265398881212035,0.006261561830745657,0.0012528992659931774,0.0018865990276140778,0.0029396365766342957,0.002830682546698564,0.004832979523430571,0.0068960479431527475,0.0029195633511929107,0.0029195633511929107,0.003369550685564127,0.004804108514900728,0.0048041085149007285,0.003562609743797374,0.0034933391575615942,0.0023014269940426955,7.456541095364589e-4,0.0012386689969195205,0.0013080789336367194,0.001109578100747478,0.0015177473547819834,0.0013652794832824723,1.0103971864340462,0.010278790536595146,0.003945933452788409,0.00124136604519039,0.0023246223409597497,0.0020745821964452283,0.0034823314771473828,9.236613864086787e-4,0.001270789089599021,8.073780176616103e-4,5.332777130340708e-4,0.001107740490789994,8.765011431412166e-4,0.0018136907544506454,0.0023910413377297855,0.0012628116785441416,0.0018729813871870712,0
ISIC 352T353,8.639790578012784e-4,0,0.0018361786172934652,0.0017796847024424223,3.572480553814575e-4,5.358621313377245e-4,8.349484270749256e-4,8.039517703032416e-4,0.0013723244778131344,0.0020632167250803396,8.302959194414879e-4,8.302959194414878e-4,9.567542281549074e-4,0.001363972588497308,0.0013639725884973077,0.0010137281369332369,9.919192161130554e-4,6.536191562219049e-4,2.1175352218352596e-4,3.519115530727733e-4,3.715812518494638e-4,3.150461982407012e-4,4.3089079105569037e-4,0.00038796572570967464,0.002990325624336697,1.0029559347612886,0.0011247967401640537,3.5340644539009884e-4,6.602156473619709e-4,5.922631334948673e-4,9.888113231066625e-4,2.624450060045684e-4,3.6094623238457833e-4,2.2963748761029235e-4,1.516866633648435e-4,3.1419453451286627e-4,2.493066050963309e-4,5.195202031026269e-4,6.789593830503215e-4,3.587627124368029e-4,5.319099162344607e-4,0
ISIC 36T39,6.82606617772817e-4,0,0.0012839602565507503,0.0014114040726728636,3.3952641406999074e-4,4.862089853409973e-4,7.052536835287111e-4,6.858870783615961e-4,0.0011341816843362313,0.001759340435653853,7.324339833260248e-4,7.324339833260248e-4,8.016329417520563e-4,0.001147490253200562,0.0011474902532005622,8.420856111356555e-4,8.230245769655126e-4,5.584256768880558e-4,1.8162246594238539e-4,3.024218281896297e-4,3.286367622744717e-4,2.689348250409044e-4,3.6103287112269113e-4,3.538620702874077e-4,0.0022153670729996747,0.002194591203847022,1.0040387803433886,3.266877392251323e-4,5.989845465248991e-4,6.005450626858569e-4,8.814684694297034e-4,2.292058577846647e-4,3.0387674448746274e-4,2.21538432993028e-4,1.7197932843605472e-4,5.81995699776355e-4,2.919243944579102e-4,6.926196261498666e-4,5.878636408857022e-4,3.8637526742896016e-4,5.270449022613092e-4,0
ISIC 41T43,0.0037780757872172485,0,0.0026839217298828193,0.03273229844958459,0.02090966843049455,0.0031797695207607603,0.0032210654932312063,0.003976810568007199,0.006914709945048327,0.015111319953204616,0.003398810252458159,0.003398810252458159,0.004364019360860021,0.008066840067755175,0.008066840067755175,0.005537912259150763,0.005338971848805227,0.0048888132446199386,0.001972543474662524,0.0021257998545314385,0.0032084351086779732,0.002096576007180264,0.0018436610603893681,0.0030002307059288575,0.01192909292837037,0.012066358762856723,0.004540700217981178,1.0013937421331138,0.00561013758111017,0.0066131795141523425,0.006837500720405779,0.0029462999026764604,0.004230824333729482,0.002036752511415109,0.003753942802214135,0.03104249894657275,0.0032484320908527735,0.021636353292087438,0.008273958147557934,0.0037918747651023575,0.007472618760396238,0
ISIC 45T47,0.028513151663281514,0,0.010010566195417521,0.01731327857818046,0.013995391557896385,0.030654008424063975,0.02095943533658192,0.03334816531302671,0.02620218569999375,0.013481825473804509,0.024594670671392038,0.02459467067139203,0.024665251503130578,0.01783734863654898,0.017837348636548976,0.02750129064355331,0.02779262244961718,0.018797778708034667,0.010745466889228027,0.02270579808141928,0.028640148025160097,0.03708889541763312,0.013261666422790065,0.024412688381325914,0.01063365714310622,0.010571776234608574,0.015261281195998889,0.05300631921596696,1.0107083387679894,0.02129460538412409,0.017337864579652976,0.009048510656352664,0.009326056002921973,0.006112799517652088,0.0034962931945970825,0.005444898390516077,0.009758801296352867,0.00967197532142764,0.0058923880306139,0.010110403495791164,0.013260855949644285,0
ISIC 49T53,0.01480270094835688,0,0.005374751303557765,0.01875051072846104,0.007977255116518084,0.024209273773986996,0.018743713413586324,0.02942348558422414,0.027576942010964944,0.013571287838341299,0.011579577604603427,0.011579577604603425,0.020225090439331617,0.038299260144381946,0.038299260144381966,0.025032520706638885,0.025270691109775586,0.01152673468226774,0.003236027145255782,0.009217193847055076,0.00937053365355618,0.009738431014456737,0.0047457042267481315,0.013251001661618484,0.026913861480991192,0.02682712542671418,0.02380202022425731,0.01117705870834828,0.03026806008622601,1.1226601528042544,0.007660340306057442,0.005808995038079688,0.0037867809234781676,0.013009162036066974,0.00582584434052156,0.003062931887105768,0.013155551544826335,0.01315630221144839,0.005626153273668755,0.00969087334862495,0.007186820054360829,0
ISIC 55T56,0.0013840987669881692,0,0.0015526946984475657,0.001881556068696336,0.00674542841937497,0.001964159727580757,0.0019267066071371021,0.002944476553149425,0.0030072066096304842,0.0010690267350625038,0.001460162734117653,0.0014601627341176533,0.003398662563392604,0.004200638347207015,0.0042006383472070145,0.0022979350686590416,0.0023234724254682145,0.002959256677421873,8.156180534900259e-4,0.0013453274563980887,0.0024037991354106648,0.0015443605686509365,0.001136974677682418,0.0029361105417589086,0.006670644145518922,0.006596217777875113,0.010039959343677227,0.0016738918496342103,0.006042874701710353,0.006679492873305522,1.016559286433732,0.00379270238556027,0.0035003028975289104,0.01702625607202701,0.010557368554995424,0.009112039631943042,0.014964263843738524,0.006513955975023441,0.007235798990069797,0.023785122848676746,0.005882913086777047,0
ISIC 58T60,7.337351986859153e-4,0,0.0015172153943132278,0.001450068145920013,0.002503860592532544,0.0010720952974644148,0.0010583960649878023,0.0015680249264352106,0.0012975590538628612,3.727738650078701e-4,7.586816984203373e-4,7.586816984203372e-4,0.0010457721409668655,0.002544634963658632,0.002544634963658632,8.519962214331488e-4,8.619547122110157e-4,0.0016188626256850795,6.251154914445902e-4,7.914776255655254e-4,0.001543652015162768,7.298343868447002e-4,0.0010907295239094355,0.0014598561180151626,0.0015435384387247212,0.001680961319274761,0.0032485309523156126,0.0015975882413379499,0.002542354864615915,0.0023131579913135396,0.0037338287483599476,1.0249397272090706,0.033848432903800095,0.005481371090099347,0.002343098876166134,0.0010429943014518812,0.0039416610241319915,0.007934670463932309,0.002561725965485781,0.00248422776430866,0.002933485646796119,0
ISIC 61,0.0013993473380718051,0,0.003035351214381851,0.0029877549492614776,0.005074587857255425,0.0021512696815246275,0.0021037065359466936,0.002964184818680183,0.0024966056965040105,7.496617943856623e-4,0.001578269678016707,0.0015782696780167068,0.0020478442986442643,0.0049070832268639005,0.004907083226863901,0.0016697336348919433,0.0016888532081251373,0.0031303567108133894,0.0012560775849337214,0.0015776036472220636,0.003008098730055294,0.0014717961369167534,0.002016926725903828,0.0028388158179483074,0.0028873739858917497,0.0031541929988661522,0.006280731348251996,0.0030510550210664845,0.0047830773564467724,0.0045154482851127685,0.0069187482003235145,0.037492247477485405,1.059704536840332,0.009907329883968818,0.00435468515164882,0.002059290061437943,0.007105998655608222,0.014549928701608397,0.004500891589728217,0.004548320822502718,0.0055124096234371025,0
ISIC 62T63,0.0011698362090726807,0,0.008751821922028755,0.005297348421259219,0.0032334433523674103,0.0027332248464686354,0.0029548507291126537,0.004440465806984655,0.0039051173460309214,0.0014543259160026602,0.001772378978077537,0.001772378978077537,0.0030454478648899554,0.005643831317864594,0.005643831317864595,0.0027205590317900897,0.002746872017061187,0.005459855428842371,0.0016983502011333634,0.002562402354693601,0.0059942709921164215,0.002093416663572583,0.00567816942150808,0.00478159375635192,0.006790172416990133,0.00670985363825241,0.00860128318155235,0.003390110343744966,0.007874283844380244,0.004140099297212237,0.008189026809218052,0.009881725482866163,0.007152881882234838,1.0170340212203561,0.008543916837009781,0.0016360588437816853,0.013017277715064057,0.012585220359587724,0.007486092562447701,0.005134920993484279,0.006969069692639758,0
ISIC 64T66,0.004392227279924435,0,0.008688422812516512,0.01094847698002137,0.03189133521677589,0.003457537558862946,0.004306920010228094,0.003256239579726487,0.0031485181961293904,0.0013151058279331329,0.002962183208353996,0.002962183208353996,0.00352786534251829,0.0051428854391759584,0.0051428854391759584,0.005006372550922732,0.0050830790007088894,0.005212652535484621,0.0028321676132737825,0.005143221126728595,0.005163878979341498,0.004518898667208194,0.0026638696005589165,0.006275575740588253,0.005200169224833017,0.005433396876279948,0.0061002162249335625,0.0026628078535954184,0.008189548913058937,0.0104812529156676,0.009659071842244881,0.005717796752146709,0.0062760059676416555,0.004522001844714764,1.0610733482517554,0.013961035046251714,0.008251804832869827,0.0065490977608345805,0.005476299607003748,0.007792287459240203,0.007489971413813279,0
ISIC 68,0.01068442667714171,0,0.011151213808691655,0.00832660544395381,0.015038559609494871,0.011326567852484386,0.015857215566647015,0.012779989754396504,0.016161320147600758,0.003238532721915819,0.010222665794537789,0.010222665794537789,0.016732102010352558,0.014379488395017771,0.014379488395017775,0.006737730258173211,0.0068104454099759985,0.01891416761302592,0.011107211882074097,0.009429421322377946,0.010898148354146722,0.007847696685316336,0.0067676831697644916,0.01836368593303578,0.021794031161356763,0.021645791894685927,0.03242641043639942,0.016057229595826405,0.07080074065491943,0.039677340951814286,0.05632442655138032,0.03214566289723086,0.03816307284764413,0.02619069748765311,0.028484693705444337,1.0382534806107409,0.049746279517546135,0.015168456071850262,0.09796826806700318,0.06993323225450367,0.09252102996538882,0
ISIC 69T82,0.007364491731928949,0,0.059011621917890666,0.05643189518386034,0.060922695729414486,0.02825482087438518,0.024893040111074856,0.01731887672697324,0.02538422525593653,0.012555165572231857,0.029110787278847142,0.02911078727884714,0.021337974384051227,0.028883998469989403,0.028883998469989403,0.01917929973029913,0.01931695269669356,0.03306407536759851,0.019729644309288894,0.021144606199285917,0.03522422162796675,0.021720719792695294,0.022771580373715652,0.030718674232173237,0.031558895485485156,0.03170630451065729,0.05215541123473528,0.02311376360438612,0.052956181923879235,0.05088835559413236,0.056287382503862546,0.04319953997650007,0.04156305927619976,0.05995689964321276,0.031938577869383165,0.021272027082570085,1.0630274708075975,0.02606187994191639,0.028408416022372422,0.04842196707109074,0.03738350402804197,0
ISIC 84,0.003051591723361035,0,0.005175926601466494,0.006042825203602741,0.005195710526592231,0.0052009160308576765,0.0046931722302465855,0.004466622981564713,0.005897203035902211,0.0039635585297115115,0.0047763050243896195,0.004776305024389619,0.0042269981007966705,0.006322683649007227,0.0063226836490072255,0.00424860528638606,0.004254528706818234,0.004211381574020636,0.001768306526746193,0.0026909570445336566,0.003747545793463028,0.0024424746875433795,0.0025773557312091027,0.0037629833292080754,0.007408987299307,0.00741349902096284,0.013305285612681895,0.0025692414260001014,0.007503432811844662,0.009889435257596068,0.008894212841482676,0.004190400314997216,0.004199697150522102,0.005614775805727519,0.005158681801044149,0.0037906455169430986,0.007032126446117032,1.007534579233286,0.0053580915793839485,0.007878088236620036,0.006650673000507171,0
ISIC 85,8.43625099831665e-5,0,4.3599045469763553e-4,4.093034861059399e-4,5.004385253957571e-4,2.2727335742562003e-4,2.0648180963223311e-4,1.9395691849390838e-4,2.4134741119533385e-4,1.1126060906548944e-4,2.1551325193288083e-4,2.1551325193288077e-4,2.1344900067234314e-4,2.9012813784970714e-4,2.9012813784970714e-4,1.8115151183243733e-4,1.8260388128333948e-4,2.8961849801050074e-4,1.4430154760815663e-4,1.7111400782290705e-4,2.975996566484319e-4,1.7790228033241626e-4,1.969661386480883e-4,2.706121679482336e-4,3.859936038668684e-4,3.848990633390226e-4,5.603774594011106e-4,2.0252260442874882e-4,6.3797473910088e-4,4.60902546701423e-4,6.750036896205551e-4,3.8881947012880664e-4,3.5717407106459635e-4,7.870493872297258e-4,4.3308364842856075e-4,2.9926760244543537e-4,7.335776853156066e-4,7.261415215838282e-4,1.0012258686645739,7.241457352324676e-4,8.586154447536427e-4,0
ISIC 86T88,1.0781804548939283e-4,0,1.913351804148768e-4,2.0566350403192581e-4,1.8297056825235838e-4,1.5940077084782014e-4,1.3082760854085996e-4,1.6325456111385963e-4,1.5752560722393763e-4,8.681644553299181e-5,1.3854661186288276e-4,1.3854661186288276e-4,1.365487622161582e-4,1.543036104352826e-4,1.5430361043528257e-4,1.3784446908045802e-4,1.3890485805250182e-4,1.5359600975067567e-4,7.639995121360788e-5,1.200867263650017e-4,1.843021916332395e-4,1.5605775182425083e-4,1.1698980057100962e-4,1.5880132022166e-4,1.5773473777892848e-4,1.571477444977589e-4,2.2030809204102815e-4,2.0926893000799098e-4,1.9158208053945923e-4,1.9775891537838464e-4,2.3032106328082358e-4,1.6006884233580525e-4,1.3787134578080456e-4,2.5299032890227e-4,1.410102040339646e-4,9.631240774288951e-5,2.859486738751422e-4,0.0033309732795470297,1.3750706609297428e-4,1.0095107023814844,2.5679996910380615e-4,0
ISIC 90T96,0.0016498640061932434,0,0.0016554097056980157,0.0026090968064309997,0.005561626205504686,0.003292637336424513,0.0032413465058696743,0.004361786544894416,0.0068754132207801966,0.0024346657961689423,0.003379206978681383,0.0033792069786813825,0.004654875492378294,0.008154567757391946,0.008154567757391946,0.0053804655369455116,0.005441680793618415,0.005307572305880035,0.0019128547058549826,0.0021653469453145,0.003606933927435173,0.0024006340935375423,0.0020377885497030344,0.0034668329287702616,0.003170529469524419,0.0033380607235877586,0.025803723658163726,0.004479082039891954,0.0086692281365832,0.012246933948708759,0.01084855071298079,0.013940587788056636,0.017968720683238324,0.006152799479296343,0.006136726080340314,0.007464163936285883,0.011507213625657056,0.009854123595621194,0.008261068232163934,0.007743358251731641,1.0120902178287814,0
ISIC 97T98,0,0,0,0,0,0,0,0,0,0,0,0,0,0,0,0,0,0,0,0,0,0,0,0,0,0,0,0,0,0,0,0,0,0,0,0,0,0,0,0,0,1
