Pollutant:,NOX,Unit: grams,,,,,,,,,,,,,,,,,,,,,,,,,,,,,,,,,,
,2015.0,2016.0,2017.0,2018.0,2019.0,2020.0,2021.0,2022.0,2023.0,2024.0,2025.0,2026.0,2027.0,2028.0,2029.0,2030.0,2031.0,2032.0,2033.0,2034.0,2035.0,2036.0,2037.0,2038.0,2039.0,2040.0,2041.0,2042.0,2043.0,2044.0,2045.0,2046.0,2047.0,2048.0,2049.0,2050.0
agriculture and forestry 01T03,0.0,0.0,0.0,0.0,0.0,9508.103592314119,9573.60066833751,9639.097744360903,10193.175853018374,10408.133681452997,10517.896554940071,10603.845845732658,10687.420890436917,10762.550166613919,10846.069787384247,10927.038889401747,10907.6235693943,10914.378233705913,10868.080288760639,10847.77083234331,10824.746855034104,10815.836808498048,10803.420464061668,10803.976800505086,10803.823201082381,10803.605049474874,10799.384410469886,10814.893521281894,10825.982373540097,10841.9013173942,10870.856174551198,10963.507606219882,11057.261981936583,11154.076205215235,11237.698045355344,11323.614686912233
coal mining 05,0.0,0.0,0.0,0.0,0.0,0.0,0.0,0.0,0.0,0.0,0.0,0.0,0.0,0.0,0.0,0.0,0.0,0.0,0.0,0.0,0.0,0.0,0.0,0.0,0.0,0.0,0.0,0.0,0.0,0.0,0.0,0.0,0.0,0.0,0.0,0.0
oil and gas extraction 06,0.0,0.0,0.0,0.0,0.0,218949.18644858792,222906.58842707105,211202.02827338074,211891.4325584704,229281.80083711917,233242.1087317368,225145.60171762636,229612.03592554564,236820.98509506683,241928.46173715984,248515.9700795506,253213.73337108432,257079.30127954585,258897.04064049164,259609.5907081587,261448.47223288333,261116.8011819343,261722.26762007276,262712.48495082115,262947.7926586874,267290.8745787283,268276.945803334,270646.9698801196,271291.730602174,272473.29746990325,274464.0079631141,276669.65226539667,277678.2762608583,276550.24915473606,277813.1427864197,280319.25817140966
other mining and quarrying 07T08,0.0,0.0,0.0,0.0,0.0,0.0,0.0,0.0,0.0,0.0,0.0,0.0,0.0,0.0,0.0,0.0,0.0,0.0,0.0,0.0,0.0,0.0,0.0,0.0,0.0,0.0,0.0,0.0,0.0,0.0,0.0,0.0,0.0,0.0,0.0,0.0
food beverage and tobacco 10T12,0.0,0.0,0.0,0.0,0.0,0.0,0.0,0.0,0.0,0.0,0.0,0.0,0.0,0.0,0.0,0.0,0.0,0.0,0.0,0.0,0.0,0.0,0.0,0.0,0.0,0.0,0.0,0.0,0.0,0.0,0.0,0.0,0.0,0.0,0.0,0.0
textiles apparel and leather 13T15,0.0,0.0,0.0,0.0,0.0,0.0,0.0,0.0,0.0,0.0,0.0,0.0,0.0,0.0,0.0,0.0,0.0,0.0,0.0,0.0,0.0,0.0,0.0,0.0,0.0,0.0,0.0,0.0,0.0,0.0,0.0,0.0,0.0,0.0,0.0,0.0
wood products 16,0.0,0.0,0.0,0.0,0.0,0.0,0.0,0.0,0.0,0.0,0.0,0.0,0.0,0.0,0.0,0.0,0.0,0.0,0.0,0.0,0.0,0.0,0.0,0.0,0.0,0.0,0.0,0.0,0.0,0.0,0.0,0.0,0.0,0.0,0.0,0.0
pulp paper and printing 17T18,0.0,0.0,0.0,0.0,0.0,1481186108.1654294,1502397560.9756098,1591775358.6785347,1649512478.78852,1632949458.1610682,1631543565.23785,1637833295.6280262,1636575654.052459,1643430926.5612586,1654558659.2101066,1663153252.2825413,1679690798.4814382,1695773557.6443489,1705398482.8181872,1717762421.9679976,1729644190.6297112,1733109895.3904443,1739678641.9835894,1756331991.654879,1757283558.9969287,1773464892.6301777,1795778743.7538354,1812863691.3725607,1825760934.7243948,1832734229.6493335,1838566674.363019,1844929355.8422897,1844608085.2057261,1847292909.3965743,1852381112.7901664,1858483675.9616735
refined petroleum and coke 19,0.0,0.0,0.0,0.0,0.0,11277362.036623491,11309555.672175078,11344282.6446281,10493911.571003888,13730532.273929084,14429474.715175338,15246502.700071236,15875424.016401855,15771969.28777536,15440756.854802469,15352635.528691165,15135793.654709695,15522907.923113374,15610332.918331629,15584083.339948583,15859209.631260809,15886152.956713062,16069174.480110886,15892830.756937146,15905328.991057292,15933056.063161815,15773248.05021735,15917197.021243729,15851778.36793708,15956347.75198794,16006371.616699409,17182345.098235276,17174459.614515375,16441945.910617994,15994936.697969398,16157043.431646967
chemicals 20,0.0,0.0,0.0,0.0,0.0,1408491413.7558515,169421972.9263637,123988740.16186452,138689231.67460865,248039203.89007568,133216801.12073179,61534033.535639994,107892024.5486458,155346313.21207714,198030530.63557398,230637335.5623084,254139378.45515603,273211595.29130346,314053455.5531585,349688183.4462033,377472837.76131046,417815646.58777946,454737687.1465777,482375772.1287546,507394721.2432341,530332135.1043794,551487134.2934623,592775429.4032367,641691645.2336526,679256203.7917771,724303080.9337583,740494023.3593553,754770822.2285974,764361745.3889502,787605538.0823025,819070772.5889925
rubber and plastic products 22,0.0,0.0,0.0,0.0,0.0,0.0,0.0,0.0,0.0,0.0,0.0,0.0,0.0,0.0,0.0,0.0,0.0,0.0,0.0,0.0,0.0,0.0,0.0,0.0,0.0,0.0,0.0,0.0,0.0,0.0,0.0,0.0,0.0,0.0,0.0,0.0
glass and glass products 231,0.0,0.0,0.0,0.0,0.0,0.0,0.0,0.0,0.0,0.0,0.0,0.0,0.0,0.0,0.0,0.0,0.0,0.0,0.0,0.0,0.0,0.0,0.0,0.0,0.0,0.0,0.0,0.0,0.0,0.0,0.0,0.0,0.0,0.0,0.0,0.0
cement and other nonmetallic minerals 239,0.0,0.0,0.0,0.0,0.0,2756137053.134847,2884262061.2843637,2750191578.373016,2866922155.972359,3261760271.4823728,2968514921.581777,2748166258.001339,2611692073.289839,2500361894.363892,2466834780.576034,2428717895.7412834,2394765323.447568,2364260191.612661,1961416703.6413407,1886431078.0918398,1803077489.5011878,1723573293.511047,1674129056.7092316,1632198491.311431,1564511654.1472967,1520858075.9969718,1473466019.84996,1432648610.6520379,1401943398.9657183,1379315604.0884206,1343659622.1884508,1320783981.79343,1300304442.7479095,1278503103.173244,1263005203.1287656,1251515591.806855
iron and steel 241,0.0,0.0,0.0,0.0,0.0,677278376.4911261,685096811.1725342,808111710.2137767,786636261.4678899,762562847.4306717,711629934.4939435,640216346.9576707,613554329.5837113,622088261.384337,624099180.8798097,616905547.930872,603594655.2484784,581169665.3017986,581182260.223328,591059173.1814,593769443.8168907,600014810.7733327,606627331.5251237,612308939.3175437,619663008.0892838,624938915.6826352,626757027.4034202,632987139.5081708,644627978.6759461,651386554.1257795,653428132.2740225,651505360.1892378,643856725.5862323,635040101.2732136,635395432.1771983,641339560.9997466
other metals 242,0.0,0.0,0.0,0.0,0.0,50688060.60606061,52233761.616161615,52963564.39790576,57530396.21380847,59453688.71399914,58793293.225628465,58531579.12345418,59809518.13291221,61981878.768995106,63764584.09265855,65270231.95179682,66132711.138035916,66268860.00219785,66233221.39033776,66396302.259410754,66802460.22736737,67431486.064599,68112509.02913181,68643089.11309831,69036012.97839852,69721684.18191515,70243081.46413435,70651393.00748086,71320813.6437433,72024261.46184911,72376714.87566501,72492120.48288733,72583809.75319093,72758004.2884066,72942571.3180555,72924757.10260531
metal products except machinery and vehicles 25,0.0,0.0,0.0,0.0,0.0,0.0,0.0,0.0,0.0,0.0,0.0,0.0,0.0,0.0,0.0,0.0,0.0,0.0,0.0,0.0,0.0,0.0,0.0,0.0,0.0,0.0,0.0,0.0,0.0,0.0,0.0,0.0,0.0,0.0,0.0,0.0
computers and electronics 26,0.0,0.0,0.0,0.0,0.0,0.0,0.0,0.0,0.0,0.0,0.0,0.0,0.0,0.0,0.0,0.0,0.0,0.0,0.0,0.0,0.0,0.0,0.0,0.0,0.0,0.0,0.0,0.0,0.0,0.0,0.0,0.0,0.0,0.0,0.0,0.0
appliances and electrical equipment 27,0.0,0.0,0.0,0.0,0.0,0.0,0.0,0.0,0.0,0.0,0.0,0.0,0.0,0.0,0.0,0.0,0.0,0.0,0.0,0.0,0.0,0.0,0.0,0.0,0.0,0.0,0.0,0.0,0.0,0.0,0.0,0.0,0.0,0.0,0.0,0.0
other machinery 28,0.0,0.0,0.0,0.0,0.0,0.0,0.0,0.0,0.0,0.0,0.0,0.0,0.0,0.0,0.0,0.0,0.0,0.0,0.0,0.0,0.0,0.0,0.0,0.0,0.0,0.0,0.0,0.0,0.0,0.0,0.0,0.0,0.0,0.0,0.0,0.0
road vehicles 29,0.0,0.0,0.0,0.0,0.0,0.0,0.0,0.0,0.0,0.0,0.0,0.0,0.0,0.0,0.0,0.0,0.0,0.0,0.0,0.0,0.0,0.0,0.0,0.0,0.0,0.0,0.0,0.0,0.0,0.0,0.0,0.0,0.0,0.0,0.0,0.0
nonroad vehicles 30,0.0,0.0,0.0,0.0,0.0,0.0,0.0,0.0,0.0,0.0,0.0,0.0,0.0,0.0,0.0,0.0,0.0,0.0,0.0,0.0,0.0,0.0,0.0,0.0,0.0,0.0,0.0,0.0,0.0,0.0,0.0,0.0,0.0,0.0,0.0,0.0
other manufacturing 31T33,0.0,0.0,0.0,0.0,0.0,205553003.33963454,207271500.81915563,225366662.49328575,245034976.66525605,241038715.10257956,234517951.503457,231196907.70077437,230721994.45245412,231551543.69664675,235022218.0671362,239274391.42564243,243404260.55763036,250401883.43288764,256384892.29099634,262579923.93371356,267863961.7483902,271041828.3528524,275114950.06734574,281082487.20573705,284750283.86921644,290253066.3286849,295621647.0765586,300165826.1690056,303763383.910862,307304814.2391257,311401812.05302674,318494003.2985611,322919184.698364,326751507.318541,330982773.35066867,335318211.48002446
energy pipelines and gas processing 352T353,0.0,0.0,0.0,0.0,0.0,4008110.581506196,3992717.254528122,4606842.442309815,5037374.358974359,5785078.138933046,5892354.869412179,5925814.451566936,6313912.373389868,6801592.984996518,6878118.04352822,6988335.791133821,6907203.795794067,6763663.457696346,6521207.767228625,6358758.627519445,6292415.943689865,6285836.9265695065,6291260.56104669,6213884.840345717,6242119.085151521,6211728.530247536,6148268.670999919,6142311.526137576,6177321.886924481,6207085.579381673,6240802.541328866,6262055.936755237,6220276.6500559,6194530.076419312,6225223.623943373,6294497.664989781
water and waste 36T39,0.0,0.0,0.0,0.0,0.0,0.0,0.0,0.0,0.0,0.0,0.0,0.0,0.0,0.0,0.0,0.0,0.0,0.0,0.0,0.0,0.0,0.0,0.0,0.0,0.0,0.0,0.0,0.0,0.0,0.0,0.0,0.0,0.0,0.0,0.0,0.0
construction 41T43,0.0,0.0,0.0,0.0,0.0,0.0,0.0,0.0,0.0,0.0,0.0,0.0,0.0,0.0,0.0,0.0,0.0,0.0,0.0,0.0,0.0,0.0,0.0,0.0,0.0,0.0,0.0,0.0,0.0,0.0,0.0,0.0,0.0,0.0,0.0,0.0
