Pollutant:,VOC,Unit: grams of VOC,,,,,,,,,,,,,,,,,,,,,,,,,,,,,,,,,,
,2015.0,2016.0,2017.0,2018.0,2019.0,2020.0,2021.0,2022.0,2023.0,2024.0,2025.0,2026.0,2027.0,2028.0,2029.0,2030.0,2031.0,2032.0,2033.0,2034.0,2035.0,2036.0,2037.0,2038.0,2039.0,2040.0,2041.0,2042.0,2043.0,2044.0,2045.0,2046.0,2047.0,2048.0,2049.0,2050.0
agriculture and forestry 01T03,0.0,0.0,0.0,0.0,0.0,1025767493.9014202,1032833547.7025898,1039899601.5037594,1099675487.1391077,1122865890.0230348,1134707492.9848769,1143980003.298099,1152996371.633451,1161101580.8998928,1170111969.907268,1178847200.0247734,1176752607.3487499,1177481324.176012,1172486539.8325083,1170295484.59111,1167811577.335071,1166850330.3295991,1165510811.634597,1165570831.1572905,1165554260.3139713,1165530725.3550227,1165075388.046928,1166748565.2032146,1167944869.395813,1169662260.7750974,1172786012.1071937,1182781572.8356225,1192896123.0282555,1203340780.2853377,1212362197.0760932,1221631185.0754962
coal mining 05,0.0,0.0,0.0,0.0,0.0,0.0,0.0,0.0,0.0,0.0,0.0,0.0,0.0,0.0,0.0,0.0,0.0,0.0,0.0,0.0,0.0,0.0,0.0,0.0,0.0,0.0,0.0,0.0,0.0,0.0,0.0,0.0,0.0,0.0,0.0,0.0
oil and gas extraction 06,0.0,0.0,0.0,0.0,0.0,969958.2920716407,987489.8249645103,935637.9073562708,938692.0105194696,1015732.4059996136,1033276.8122787536,997408.7908326141,1017195.3676463221,1049131.4535369263,1071757.8875553214,1100940.9525597373,1121752.3313674077,1138877.0337113405,1146929.7302962097,1150086.3706923693,1158232.7283563325,1156763.4053077917,1159445.658673375,1163832.382033674,1164874.8095764997,1184114.9282077656,1188483.2840641786,1198982.6357309981,1201838.9651784957,1207073.378695077,1215892.347978881,1225663.4871873017,1230131.7531984663,1225134.52410156,1230729.2201583262,1241831.4646470493
other mining and quarrying 07T08,0.0,0.0,0.0,0.0,0.0,0.0,0.0,0.0,0.0,0.0,0.0,0.0,0.0,0.0,0.0,0.0,0.0,0.0,0.0,0.0,0.0,0.0,0.0,0.0,0.0,0.0,0.0,0.0,0.0,0.0,0.0,0.0,0.0,0.0,0.0,0.0
food beverage and tobacco 10T12,0.0,0.0,0.0,0.0,0.0,0.0,0.0,0.0,0.0,0.0,0.0,0.0,0.0,0.0,0.0,0.0,0.0,0.0,0.0,0.0,0.0,0.0,0.0,0.0,0.0,0.0,0.0,0.0,0.0,0.0,0.0,0.0,0.0,0.0,0.0,0.0
textiles apparel and leather 13T15,0.0,0.0,0.0,0.0,0.0,0.0,0.0,0.0,0.0,0.0,0.0,0.0,0.0,0.0,0.0,0.0,0.0,0.0,0.0,0.0,0.0,0.0,0.0,0.0,0.0,0.0,0.0,0.0,0.0,0.0,0.0,0.0,0.0,0.0,0.0,0.0
wood products 16,0.0,0.0,0.0,0.0,0.0,0.0,0.0,0.0,0.0,0.0,0.0,0.0,0.0,0.0,0.0,0.0,0.0,0.0,0.0,0.0,0.0,0.0,0.0,0.0,0.0,0.0,0.0,0.0,0.0,0.0,0.0,0.0,0.0,0.0,0.0,0.0
pulp paper and printing 17T18,0.0,0.0,0.0,0.0,0.0,2752499505.125486,2791916910.5691056,2958008357.5454845,3065301690.6749325,3034522502.4087734,3031909920.8067145,3043598175.0314164,3041261090.045748,3054000295.52705,3074679046.455292,3090650444.6801453,3121382293.6203394,3151269008.323459,3169155080.5947356,3192131083.5451045,3214211065.379319,3220651411.117266,3232858163.2919264,3263805210.7130504,3265573515.603063,3295643412.000452,3337109412.685122,3368858501.882213,3392825548.12151,3405784075.5639286,3416622552.3087397,3428446372.101823,3427849352.413832,3432838581.799605,3442294029.1911473,3453634469.137869
refined petroleum and coke 19,0.0,0.0,0.0,0.0,0.0,30747567.842786957,30835343.334077712,30930025.932544116,28611501.246284015,37436101.744288206,39341758.40944009,41569373.63660574,43284118.69656308,43002050.84445634,42099004.837762944,41858743.290407784,41267526.9926823,42322988.56179735,42561351.57283653,42489782.46921494,43239910.40516173,43313371.00034021,43812376.59128332,43331577.92805643,43365654.186340615,43441251.65566429,43005537.37214006,43398012.202526726,43219649.17097754,43504756.115309075,43641145.47382921,46847420.51292234,46825920.85326228,44828732.616047576,43609968.32989377,44051950.04293418
chemicals 20,0.0,0.0,0.0,0.0,0.0,12365653514.584084,12428141985.378107,11794530598.389835,12821610425.619486,13891288016.103184,12770319983.853298,11974931408.632421,12288565557.625612,12654219899.719332,13033662259.550272,13397021287.933521,13658385585.003767,13922588061.941837,14251635357.121656,14511443600.302666,14748351202.49125,15060391995.381891,15361921067.342161,15613348505.643309,15776646229.68293,15987336969.03162,16220540730.14091,16669622543.495005,17099583985.794037,17429626592.63655,17793517567.837997,17975685718.786613,18029023694.700287,18087938095.963398,18334658548.02252,18647322419.47314
rubber and plastic products 22,0.0,0.0,0.0,0.0,0.0,0.0,0.0,0.0,0.0,0.0,0.0,0.0,0.0,0.0,0.0,0.0,0.0,0.0,0.0,0.0,0.0,0.0,0.0,0.0,0.0,0.0,0.0,0.0,0.0,0.0,0.0,0.0,0.0,0.0,0.0,0.0
glass and glass products 231,0.0,0.0,0.0,0.0,0.0,0.0,0.0,0.0,0.0,0.0,0.0,0.0,0.0,0.0,0.0,0.0,0.0,0.0,0.0,0.0,0.0,0.0,0.0,0.0,0.0,0.0,0.0,0.0,0.0,0.0,0.0,0.0,0.0,0.0,0.0,0.0
cement and other nonmetallic minerals 239,0.0,0.0,0.0,0.0,0.0,141643681.40823644,148228295.12115613,141338130.95238096,147337160.9081935,167628722.30842134,152558226.85953826,141234045.47769484,134220350.01660106,128498857.90975067,126775828.99923128,124816922.0988408,123072027.98064332,121504305.08020715,100801330.7478199,96947661.69915988,92663945.42563902,88578057.5360521,86037014.18805747,83882114.2204677,80403545.2618221,78160096.04407683,75724518.57722574,73626826.04855986,72048820.62363999,70885930.6414726,69053494.72004674,67877867.43531634,66825380.83975614,65704964.13425362,64908494.447123945,64318019.14991981
iron and steel 241,0.0,0.0,0.0,0.0,0.0,140738111.7253419,142362778.58597615,167925213.77672207,163462626.146789,158460182.61399326,147876348.4917174,133036640.31520939,127496286.28908543,129269633.09728469,129687501.17405802,128192667.8044709,125426670.8872147,120766769.06529844,120769386.28376415,122821803.91238578,123384996.8102305,124682780.97548793,126056859.51786399,127237494.80761278,128765666.6618437,129861997.65084204,130239800.36737742,131534414.58199689,133953375.20474531,135357803.84115145,135782042.77081004,135382491.68238944,133793109.1940823,131961019.02159716,132034856.60773648,133270043.63773105
other metals 242,0.0,0.0,0.0,0.0,0.0,40773855.66188198,42017229.13343966,42604287.95811518,46277881.68151448,47824992.576283626,47293765.49833613,47083240.714015216,48111224.42641831,49858687.59549853,51292709.112313725,52503863.52919402,53197648.24754022,53307167.41377959,53278499.44742619,53409682.92016692,53736399.43216953,54242392.527746946,54790212.502042174,55217015.09622412,55533085.99691163,56084645.04946597,56504060.92913295,56832509.793311864,57370996.767831974,57936855.46232859,58220371.628673024,58313204.76364001,58386960.2995276,58527083.6885673,58675550.78983071,58661220.90147417
metal products except machinery and vehicles 25,0.0,0.0,0.0,0.0,0.0,0.0,0.0,0.0,0.0,0.0,0.0,0.0,0.0,0.0,0.0,0.0,0.0,0.0,0.0,0.0,0.0,0.0,0.0,0.0,0.0,0.0,0.0,0.0,0.0,0.0,0.0,0.0,0.0,0.0,0.0,0.0
computers and electronics 26,0.0,0.0,0.0,0.0,0.0,0.0,0.0,0.0,0.0,0.0,0.0,0.0,0.0,0.0,0.0,0.0,0.0,0.0,0.0,0.0,0.0,0.0,0.0,0.0,0.0,0.0,0.0,0.0,0.0,0.0,0.0,0.0,0.0,0.0,0.0,0.0
appliances and electrical equipment 27,0.0,0.0,0.0,0.0,0.0,0.0,0.0,0.0,0.0,0.0,0.0,0.0,0.0,0.0,0.0,0.0,0.0,0.0,0.0,0.0,0.0,0.0,0.0,0.0,0.0,0.0,0.0,0.0,0.0,0.0,0.0,0.0,0.0,0.0,0.0,0.0
other machinery 28,0.0,0.0,0.0,0.0,0.0,0.0,0.0,0.0,0.0,0.0,0.0,0.0,0.0,0.0,0.0,0.0,0.0,0.0,0.0,0.0,0.0,0.0,0.0,0.0,0.0,0.0,0.0,0.0,0.0,0.0,0.0,0.0,0.0,0.0,0.0,0.0
road vehicles 29,0.0,0.0,0.0,0.0,0.0,0.0,0.0,0.0,0.0,0.0,0.0,0.0,0.0,0.0,0.0,0.0,0.0,0.0,0.0,0.0,0.0,0.0,0.0,0.0,0.0,0.0,0.0,0.0,0.0,0.0,0.0,0.0,0.0,0.0,0.0,0.0
nonroad vehicles 30,0.0,0.0,0.0,0.0,0.0,0.0,0.0,0.0,0.0,0.0,0.0,0.0,0.0,0.0,0.0,0.0,0.0,0.0,0.0,0.0,0.0,0.0,0.0,0.0,0.0,0.0,0.0,0.0,0.0,0.0,0.0,0.0,0.0,0.0,0.0,0.0
other manufacturing 31T33,0.0,0.0,0.0,0.0,0.0,301107296.3768116,303624662.31884056,330131622.18162584,358943037.2832885,353089055.60848,343537020.5336147,338672141.38163024,337976457.82609034,339191635.060536,344275702.7186263,350504560.4969279,356554259.1562475,366804828.4537042,375569125.70158714,384644007.5987161,392384406.982233,397039550.9400896,403006122.32235384,411747755.59735066,417120580.7035612,425181411.3506453,433045654.6752823,439702261.28549033,444972195.8892674,450159911.43769187,456161458.0702514,466550557.21565104,473032848.3309501,478646681.6695882,484844913.04779816,491195742.4325787
energy pipelines and gas processing 352T353,0.0,0.0,0.0,0.0,0.0,371095349.85700667,369670141.6587226,426529601.19244784,466390874.72527474,535617855.9102365,545550190.6148616,548648083.0240884,584580558.2262912,629733006.8682247,636818164.0242373,647022796.0513265,639511100.5571644,626221259.6454023,603773231.4662175,588732698.2502666,582590287.5144485,581981161.9401042,582483315.1349521,575319398.481441,577933497.254689,575119754.1268222,569244252.8923925,568692704.0486459,571934177.0121871,574689881.387311,577811603.5891988,579779372.7041005,575911191.2507235,573527416.2632335,576369212.2978413,582783025.9827083
water and waste 36T39,0.0,0.0,0.0,0.0,0.0,0.0,0.0,0.0,0.0,0.0,0.0,0.0,0.0,0.0,0.0,0.0,0.0,0.0,0.0,0.0,0.0,0.0,0.0,0.0,0.0,0.0,0.0,0.0,0.0,0.0,0.0,0.0,0.0,0.0,0.0,0.0
construction 41T43,0.0,0.0,0.0,0.0,0.0,0.0,0.0,0.0,0.0,0.0,0.0,0.0,0.0,0.0,0.0,0.0,0.0,0.0,0.0,0.0,0.0,0.0,0.0,0.0,0.0,0.0,0.0,0.0,0.0,0.0,0.0,0.0,0.0,0.0,0.0,0.0
