Pollutant:,PM10,Unit: grams,,,,,,,,,,,,,,,,,,,,,,,,,,,,,,,,,,
,2015.0,2016.0,2017.0,2018.0,2019.0,2020.0,2021.0,2022.0,2023.0,2024.0,2025.0,2026.0,2027.0,2028.0,2029.0,2030.0,2031.0,2032.0,2033.0,2034.0,2035.0,2036.0,2037.0,2038.0,2039.0,2040.0,2041.0,2042.0,2043.0,2044.0,2045.0,2046.0,2047.0,2048.0,2049.0,2050.0
agriculture and forestry 01T03,0.0,0.0,0.0,0.0,0.0,399340.350877193,402091.22807017545,404842.10526315786,428113.3858267717,437141.6146210259,441751.65530748287,445361.5255207716,448871.6773983505,452027.10699778475,455534.93107013835,458935.63335487334,458120.1899145606,458403.8858156484,456459.37212794676,455606.3749584191,454639.36791143223,454265.145956918,453743.6594905901,453767.02562121366,453760.57444546005,453751.4120779447,453574.1452397351,454225.52789383946,454691.259688684,455359.8553305565,456575.9593311502,460467.3194612351,464405.00324133644,468471.2006190399,471983.31790492445,475591.81685031386
coal mining 05,0.0,0.0,0.0,0.0,0.0,0.0,0.0,0.0,0.0,0.0,0.0,0.0,0.0,0.0,0.0,0.0,0.0,0.0,0.0,0.0,0.0,0.0,0.0,0.0,0.0,0.0,0.0,0.0,0.0,0.0,0.0,0.0,0.0,0.0,0.0,0.0
oil and gas extraction 06,0.0,0.0,0.0,0.0,0.0,4590.807844542629,4673.784503837478,4428.369631820587,4442.824687129934,4807.456501516021,4890.494090485019,4720.730920698133,4814.380691822831,4965.5340298879555,5072.624831249961,5210.748134947822,5309.248288889436,5390.299421189233,5428.4127946752,5443.353158205822,5481.909829120295,5474.9555303297775,5487.650622368706,5508.412962542413,5513.346766995745,5604.410154220052,5625.085561087851,5674.77894109051,5688.297934372335,5713.072387902887,5754.81252631894,5801.059280323512,5822.20756146429,5798.555700630094,5825.035369658312,5877.582238433466
other mining and quarrying 07T08,0.0,0.0,0.0,0.0,0.0,0.0,0.0,0.0,0.0,0.0,0.0,0.0,0.0,0.0,0.0,0.0,0.0,0.0,0.0,0.0,0.0,0.0,0.0,0.0,0.0,0.0,0.0,0.0,0.0,0.0,0.0,0.0,0.0,0.0,0.0,0.0
food beverage and tobacco 10T12,0.0,0.0,0.0,0.0,0.0,0.0,0.0,0.0,0.0,0.0,0.0,0.0,0.0,0.0,0.0,0.0,0.0,0.0,0.0,0.0,0.0,0.0,0.0,0.0,0.0,0.0,0.0,0.0,0.0,0.0,0.0,0.0,0.0,0.0,0.0,0.0
textiles apparel and leather 13T15,0.0,0.0,0.0,0.0,0.0,0.0,0.0,0.0,0.0,0.0,0.0,0.0,0.0,0.0,0.0,0.0,0.0,0.0,0.0,0.0,0.0,0.0,0.0,0.0,0.0,0.0,0.0,0.0,0.0,0.0,0.0,0.0,0.0,0.0,0.0,0.0
wood products 16,0.0,0.0,0.0,0.0,0.0,0.0,0.0,0.0,0.0,0.0,0.0,0.0,0.0,0.0,0.0,0.0,0.0,0.0,0.0,0.0,0.0,0.0,0.0,0.0,0.0,0.0,0.0,0.0,0.0,0.0,0.0,0.0,0.0,0.0,0.0,0.0
pulp paper and printing 17T18,0.0,0.0,0.0,0.0,0.0,808472605.1608342,820050406.504065,868835296.2313398,900349823.4419816,891309265.7685139,890541890.2794071,893975000.1946785,893288544.4175469,897030342.9624587,903104169.1714352,907795337.2922156,916821990.3135228,925600407.9120497,930853959.9720329,937602542.0977983,944087942.1504304,945979620.2732415,949565024.9982285,958654886.7780408,959174278.7192503,968006501.0074089,980186022.034283,989511461.9868999,996551136.3901154,1000357354.854791,1003540865.5197471,1007013794.1699667,1006838435.7142855,1008303887.4870288,1011081170.5242703,1014412119.361981
refined petroleum and coke 19,0.0,0.0,0.0,0.0,0.0,3334162.2152746757,3343680.292541313,3353947.3531382624,3102534.3814315116,4059444.1993325036,4266087.159865926,4507642.217441921,4693583.3695021765,4662996.886062362,4565073.632764195,4539020.483550218,4474910.98874368,4589361.669897095,4615208.948257112,4607448.2368312115,4688789.571971722,4696755.390341748,4750865.868121331,4698729.687975892,4702424.802119226,4710622.335890942,4663374.953326901,4705933.595903523,4686592.512295418,4717508.544612611,4732298.145145196,5079975.761201924,5077644.41085752,4861076.07636812,4728917.401152005,4776844.402565464
chemicals 20,0.0,0.0,0.0,0.0,0.0,681421236.946345,642557565.895794,608549513.9133624,661675148.5085348,720196732.7329605,658861291.4617643,615672782.0678217,633316908.9445477,653663718.0368656,674555071.1427684,694280209.184396,708470137.0416719,722655101.0347753,740901713.7281992,755423806.8656056,768505989.2401805,785864262.990251,802567793.8352127,816388982.4539179,825605573.1272001,837179868.8138974,849847197.9649391,874259417.8367246,897950891.0791231,916137240.5235584,936311966.5301304,946195754.8816953,949413427.56196,952757748.6900011,966188572.8759097,983277385.2781231
rubber and plastic products 22,0.0,0.0,0.0,0.0,0.0,0.0,0.0,0.0,0.0,0.0,0.0,0.0,0.0,0.0,0.0,0.0,0.0,0.0,0.0,0.0,0.0,0.0,0.0,0.0,0.0,0.0,0.0,0.0,0.0,0.0,0.0,0.0,0.0,0.0,0.0,0.0
glass and glass products 231,0.0,0.0,0.0,0.0,0.0,0.0,0.0,0.0,0.0,0.0,0.0,0.0,0.0,0.0,0.0,0.0,0.0,0.0,0.0,0.0,0.0,0.0,0.0,0.0,0.0,0.0,0.0,0.0,0.0,0.0,0.0,0.0,0.0,0.0,0.0,0.0
cement and other nonmetallic minerals 239,0.0,0.0,0.0,0.0,0.0,283158220.14560467,296321444.0943171,282547397.8174603,294539988.153998,335104610.2602521,304977359.78503245,282339321.7673174,268318325.53464583,256880557.85277116,253436070.99171638,249520043.21108526,246031845.87012985,242897829.43003482,201510756.56242692,193806932.0218617,185243405.12423065,177075354.625773,171995584.7089121,167687749.48923913,160733783.1337264,156248930.14792383,151379995.8355444,147186523.33522278,144031951.22118255,141707231.5139431,138044030.3821795,135693847.68296373,133589834.0893958,131350022.21076266,129757809.01236688,128577396.77982692
iron and steel 241,0.0,0.0,0.0,0.0,0.0,338243386.09252256,342148034.3322665,403583593.824228,392858419.72477067,380835781.23313314,355399090.0094612,319734030.41250813,306418603.0348501,310680581.6969787,311684866.2613731,308092253.75311404,301444586.3107651,290245196.5237281,290251486.62400824,295184171.02534336,296537722.458249,299656756.13784397,302959152.1500725,305796635.7090695,309469372.3698762,312104242.9209367,313012236.2750414,316123651.44374126,321937268.1097065,325312606.11644626,326332202.09027886,325371939.71779454,321552092.2859182,317148932.5733768,317326390.3696375,320294981.026149
other metals 242,0.0,0.0,0.0,0.0,0.0,47557905.103668265,49008153.96065922,49692889.005235605,53977703.84187083,55782226.66474107,55162612.78345818,54917060.39327637,56116082.4393638,58154292.61640536,59826909.98619392,61239579.10685618,62048797.34883691,62176538.57003109,62143100.76040492,62296110.84607128,62677187.21526405,63267368.62518841,63906336.167710625,64404151.17545539,64772810.69163108,65416139.42899578,65905338.703393124,66288435.657567844,66916517.35399006,67576524.94115856,67907213.19017227,68015492.11919597,68101519.27359848,68264956.71974087,68438126.12445584,68421411.99576862
metal products except machinery and vehicles 25,0.0,0.0,0.0,0.0,0.0,0.0,0.0,0.0,0.0,0.0,0.0,0.0,0.0,0.0,0.0,0.0,0.0,0.0,0.0,0.0,0.0,0.0,0.0,0.0,0.0,0.0,0.0,0.0,0.0,0.0,0.0,0.0,0.0,0.0,0.0,0.0
computers and electronics 26,0.0,0.0,0.0,0.0,0.0,0.0,0.0,0.0,0.0,0.0,0.0,0.0,0.0,0.0,0.0,0.0,0.0,0.0,0.0,0.0,0.0,0.0,0.0,0.0,0.0,0.0,0.0,0.0,0.0,0.0,0.0,0.0,0.0,0.0,0.0,0.0
appliances and electrical equipment 27,0.0,0.0,0.0,0.0,0.0,0.0,0.0,0.0,0.0,0.0,0.0,0.0,0.0,0.0,0.0,0.0,0.0,0.0,0.0,0.0,0.0,0.0,0.0,0.0,0.0,0.0,0.0,0.0,0.0,0.0,0.0,0.0,0.0,0.0,0.0,0.0
other machinery 28,0.0,0.0,0.0,0.0,0.0,0.0,0.0,0.0,0.0,0.0,0.0,0.0,0.0,0.0,0.0,0.0,0.0,0.0,0.0,0.0,0.0,0.0,0.0,0.0,0.0,0.0,0.0,0.0,0.0,0.0,0.0,0.0,0.0,0.0,0.0,0.0
road vehicles 29,0.0,0.0,0.0,0.0,0.0,0.0,0.0,0.0,0.0,0.0,0.0,0.0,0.0,0.0,0.0,0.0,0.0,0.0,0.0,0.0,0.0,0.0,0.0,0.0,0.0,0.0,0.0,0.0,0.0,0.0,0.0,0.0,0.0,0.0,0.0,0.0
nonroad vehicles 30,0.0,0.0,0.0,0.0,0.0,0.0,0.0,0.0,0.0,0.0,0.0,0.0,0.0,0.0,0.0,0.0,0.0,0.0,0.0,0.0,0.0,0.0,0.0,0.0,0.0,0.0,0.0,0.0,0.0,0.0,0.0,0.0,0.0,0.0,0.0,0.0
other manufacturing 31T33,0.0,0.0,0.0,0.0,0.0,184091251.70132324,185630321.17202267,201836170.31169388,219450919.38344684,215871906.76263177,210031974.90317154,207057680.67901653,206632353.03645054,207375289.1951549,210483591.08678636,214291795.79944158,217990466.04759222,224257468.39302343,229615792.3860301,235164001.90332288,239896334.2922284,242742400.42335016,246390248.24153057,251734715.91425756,255019558.59617257,259947796.54135028,264755844.75119677,268825566.93229914,272047504.32560444,275219174.5583465,278888405.57674456,285240102.4261374,289203251.44200975,292635441.9554513,296424922.27186704,300307698.0958134
energy pipelines and gas processing 352T353,0.0,0.0,0.0,0.0,0.0,71373389.89513822,71099277.21639657,82035152.25792205,89701737.72893773,103016278.9143273,104926581.47596109,105522404.30926289,112433357.42008044,121117603.4578783,122480303.5950783,124442977.55659924,122998240.58674775,120442183.23543616,116124716.39510149,113231945.46206105,112050565.32212514,111933411.18066382,112029991.14529231,110652143.06208584,111154917.05545253,110613745.12913395,109483700.14043789,109377619.8279626,110001057.74964644,110531066.98548634,111131473.04270454,111509937.37084986,110765963.55613239,110307488.12206954,110854055.51090552,112087635.03439236
water and waste 36T39,0.0,0.0,0.0,0.0,0.0,0.0,0.0,0.0,0.0,0.0,0.0,0.0,0.0,0.0,0.0,0.0,0.0,0.0,0.0,0.0,0.0,0.0,0.0,0.0,0.0,0.0,0.0,0.0,0.0,0.0,0.0,0.0,0.0,0.0,0.0,0.0
construction 41T43,0.0,0.0,0.0,0.0,0.0,0.0,0.0,0.0,0.0,0.0,0.0,0.0,0.0,0.0,0.0,0.0,0.0,0.0,0.0,0.0,0.0,0.0,0.0,0.0,0.0,0.0,0.0,0.0,0.0,0.0,0.0,0.0,0.0,0.0,0.0,0.0
